keywords,count
customer,26
team,53
partner,10
people,14
relationship,14
communication,10
support,16
contact,2
understanding,6
responsibility,6
care,3
group,5
communicate,3
staff,2
manner,0
help,16
follow,4
share,4
home,0
assist,2
family,3
serve,0
consultant,1
job,25
solution,11
operate,1
knowledge,6
comply,0
degree,8
legislation,0
technology,10
write,0
deliver,2
sell,3
learn,2
software,2
performance,7
project,3
service,7
healthcare,1
perform,3
compliance,0
emergency,0
risk,0
bachelor,4
issue,0
retail,1
conflict,1
accounting,0
forecast,0
negotiation,3
achieve,7
jurisdiction,0
quality,4
information,10
territory,8
training,4
report,2
tool,0
presentation,4
problem,1
success,6
implement,4
individual,5
engineering,6
order,6
result,0
negotiate,1
specialist,0
deal,1
operation,2
promote,2
study,1
qualification,3
program,3
self,1
execute,5
initiative,1
task,0
win,0
wealth,0
education,1
